기준연도,업종구분,종목구분,운영종목,사업체 수,매출액(억원)
2019,시설업,육상,전체,1018,923
2019,시설업,육상,서바이벌,266,145
2019,시설업,육상,번지점프,8,39
2019,시설업,육상,카트,66,62
2019,시설업,육상,하강시설(짚라인),55,255
2019,시설업,육상,4륜오토바이(ATV),248,137
2019,시설업,육상,스포츠클라이밍,315,244
2019,시설업,육상,파크골프(그라운드골프 포함),14,8
2019,시설업,육상,MTB,14,8
2019,시설업,육상,BMX,4,1
2019,시설업,육상,인라인스케이트,25,23
2019,시설업,육상,스케이트보드,3,1
2019,시설업,수상,전체,1626,1511
2019,시설업,수상,래프팅,225,350
2019,시설업,수상,웨이크보드/수상스키,268,163
2019,시설업,수상,워터슬라이드,44,23
2019,시설업,수상,수상오토바이,26,15
2019,시설업,수상,윈드서핑/서핑,199,198
2019,시설업,수상,스킨스쿠버,395,399
2019,시설업,수상,카누/카약,84,28
2019,시설업,수상,모터보트/파워보트,239,129
2019,시설업,수상,요트,146,208
2019,시설업,항공,전체,120,242
2019,시설업,항공,패러글라이딩,88,167
2019,시설업,항공,행글라이딩,7,3
2019,시설업,항공,초경량항공기,12,11
2019,시설업,항공,열기구,6,40
2019,시설업,항공,스카이다이빙,7,21
2019,유통업,육상,전체,658,14088
2019,유통업,육상,서바이벌,52,234
2019,유통업,육상,번지점프,4,
2019,유통업,육상,카트,14,20
2019,유통업,육상,하강시설(짚라인),10,75
2019,유통업,육상,4륜오토바이(ATV),33,808
2019,유통업,육상,스포츠클라이밍,52,1194
2019,유통업,육상,파크골프(그라운드골프 포함),273,10014
2019,유통업,육상,MTB,124,1481
2019,유통업,육상,BMX,35,50
2019,유통업,육상,인라인스케이트,29,88
2019,유통업,육상,스케이트보드,32,123
2019,유통업,수상,전체,240,2612
2019,유통업,수상,래프팅,12,28
2019,유통업,수상,웨이크보드/수상스키,23,150
2019,유통업,수상,워터슬라이드,6,13
2019,유통업,수상,수상오토바이,20,137
2019,유통업,수상,윈드서핑/서핑,27,722
2019,유통업,수상,스킨스쿠버,84,1076
2019,유통업,수상,카누/카약,24,62
2019,유통업,수상,모터보트/파워보트,33,193
2019,유통업,수상,요트,11,232
2019,유통업,항공,전체,10,22
2019,유통업,항공,패러글라이딩,5,22
2019,유통업,항공,행글라이딩,3,
2019,유통업,항공,초경량항공기,,
2019,유통업,항공,열기구,,
2019,유통업,항공,스카이다이빙,2,
2019,제조업,육상,전체,489,23115
2019,제조업,육상,서바이벌,15,126
2019,제조업,육상,번지점프,3,
2019,제조업,육상,카트,7,32
2019,제조업,육상,하강시설(짚라인),2,
2019,제조업,육상,4륜오토바이(ATV),20,895
2019,제조업,육상,스포츠클라이밍,24,2405
2019,제조업,육상,파크골프(그라운드골프 포함),228,9674
2019,제조업,육상,MTB,110,6952
2019,제조업,육상,BMX,56,2818
2019,제조업,육상,인라인스케이트,12,128
2019,제조업,육상,스케이트보드,12,87
2019,제조업,수상,전체,133,1636
2019,제조업,수상,래프팅,8,13
2019,제조업,수상,웨이크보드/수상스키,6,
2019,제조업,수상,워터슬라이드,9,86
2019,제조업,수상,수상오토바이,5,
2019,제조업,수상,윈드서핑/서핑,19,112
2019,제조업,수상,스킨스쿠버,21,136
2019,제조업,수상,카누/카약,19,299
2019,제조업,수상,모터보트/파워보트,26,582
2019,제조업,수상,요트,20,409
2019,제조업,항공,전체,17,144
2019,제조업,항공,패러글라이딩,6,144
2019,제조업,항공,행글라이딩,3,
2019,제조업,항공,초경량항공기,2,
2019,제조업,항공,열기구,2,
2019,제조업,항공,스카이다이빙,4,
2020,시설업,육상,전체,999,625
2020,시설업,육상,서바이벌,223,34
2020,시설업,육상,번지점프,11,16
2020,시설업,육상,카트,65,78
2020,시설업,육상,하강시설(짚라인),68,151
2020,시설업,육상,4륜오토바이(ATV),248,93
2020,시설업,육상,스포츠클라이밍,324,202
2020,시설업,육상,파크골프(그라운드골프 포함),12,15
2020,시설업,육상,MTB,12,5
2020,시설업,육상,BMX,5,2
2020,시설업,육상,인라인스케이트,27,18
2020,시설업,육상,스케이트보드,4,11
2020,시설업,수상,전체,1632,1294
2020,시설업,수상,래프팅,232,113
2020,시설업,수상,웨이크보드/수상스키,280,178
2020,시설업,수상,워터슬라이드,35,30
2020,시설업,수상,수상오토바이,24,30
2020,시설업,수상,윈드서핑/서핑,209,176
2020,시설업,수상,스킨스쿠버,409,209
2020,시설업,수상,카누/카약,82,196
2020,시설업,수상,모터보트/파워보트,208,188
2020,시설업,수상,요트,153,174
2020,시설업,항공,전체,135,176
2020,시설업,항공,패러글라이딩,105,109
2020,시설업,항공,행글라이딩,5,3
2020,시설업,항공,초경량항공기,12,23
2020,시설업,항공,열기구,4,23
2020,시설업,항공,스카이다이빙,9,19
2020,유통업,육상,전체,632,14184
2020,유통업,육상,서바이벌,48,166
2020,유통업,육상,번지점프,4,
2020,유통업,육상,카트,9,14
2020,유통업,육상,하강시설(짚라인),11,59
2020,유통업,육상,4륜오토바이(ATV),33,788
2020,유통업,육상,스포츠클라이밍,50,2137
2020,유통업,육상,파크골프(그라운드골프 포함),258,9081
2020,유통업,육상,MTB,121,1296
2020,유통업,육상,BMX,24,113
2020,유통업,육상,인라인스케이트,38,419
2020,유통업,육상,스케이트보드,36,111
2020,유통업,수상,전체,238,1725
2020,유통업,수상,래프팅,9,53
2020,유통업,수상,웨이크보드/수상스키,22,63
2020,유통업,수상,워터슬라이드,8,117
2020,유통업,수상,수상오토바이,16,39
2020,유통업,수상,윈드서핑/서핑,27,192
2020,유통업,수상,스킨스쿠버,88,803
2020,유통업,수상,카누/카약,21,80
2020,유통업,수상,모터보트/파워보트,38,327
2020,유통업,수상,요트,9,50
2020,유통업,항공,전체,11,72
2020,유통업,항공,패러글라이딩,6,72
2020,유통업,항공,행글라이딩,3,
2020,유통업,항공,초경량항공기,,
2020,유통업,항공,열기구,,
2020,유통업,항공,스카이다이빙,2,
2020,제조업,육상,전체,462,24476
2020,제조업,육상,서바이벌,15,165
2020,제조업,육상,번지점프,5,64
2020,제조업,육상,카트,4,
2020,제조업,육상,하강시설(짚라인),1,
2020,제조업,육상,4륜오토바이(ATV),20,702
2020,제조업,육상,스포츠클라이밍,24,2213
2020,제조업,육상,파크골프(그라운드골프 포함),224,16461
2020,제조업,육상,MTB,97,2520
2020,제조업,육상,BMX,44,2070
2020,제조업,육상,인라인스케이트,13,207
2020,제조업,육상,스케이트보드,15,74
2020,제조업,수상,전체,146,1806
2020,제조업,수상,래프팅,4,37
2020,제조업,수상,웨이크보드/수상스키,5,
2020,제조업,수상,워터슬라이드,9,87
2020,제조업,수상,수상오토바이,5,
2020,제조업,수상,윈드서핑/서핑,19,66
2020,제조업,수상,스킨스쿠버,28,179
2020,제조업,수상,카누/카약,24,336
2020,제조업,수상,모터보트/파워보트,31,539
2020,제조업,수상,요트,21,563
2020,제조업,항공,전체,15,155
2020,제조업,항공,패러글라이딩,8,135
2020,제조업,항공,행글라이딩,3,12
2020,제조업,항공,초경량항공기,1,
2020,제조업,항공,열기구,1,
2020,제조업,항공,스카이다이빙,2,8
2021,시설업,육상,전체,1036,735
2021,시설업,육상,서바이벌,239,79
2021,시설업,육상,번지점프,9,12
2021,시설업,육상,카트,69,56
2021,시설업,육상,하강시설(짚라인),57,135
2021,시설업,육상,4륜오토바이(ATV),236,73
2021,시설업,육상,스포츠클라이밍,354,298
2021,시설업,육상,파크골프(그라운드골프 포함),8,43
2021,시설업,육상,MTB,13,8
2021,시설업,육상,BMX,7,2
2021,시설업,육상,인라인스케이트,34,19
2021,시설업,육상,스케이트보드,10,9
2021,시설업,수상,전체,1672,1174
2021,시설업,수상,래프팅,226,89
2021,시설업,수상,웨이크보드/수상스키,269,156
2021,시설업,수상,워터슬라이드,39,19
2021,시설업,수상,수상오토바이,25,21
2021,시설업,수상,윈드서핑/서핑,237,178
2021,시설업,수상,스킨스쿠버,419,218
2021,시설업,수상,카누/카약,80,113
2021,시설업,수상,모터보트/파워보트,206,137
2021,시설업,수상,요트,171,243
2021,시설업,항공,전체,133,164
2021,시설업,항공,패러글라이딩,104,103
2021,시설업,항공,행글라이딩,5,2
2021,시설업,항공,초경량항공기,12,24
2021,시설업,항공,열기구,5,14
2021,시설업,항공,스카이다이빙,7,20
2021,유통업,육상,전체,664,15411
2021,유통업,육상,서바이벌,52,258
2021,유통업,육상,번지점프,4,51
2021,유통업,육상,카트,10,47
2021,유통업,육상,하강시설(짚라인),11,57
2021,유통업,육상,4륜오토바이(ATV),32,858
2021,유통업,육상,스포츠클라이밍,51,2153
2021,유통업,육상,파크골프(그라운드골프 포함),263,10050
2021,유통업,육상,MTB,133,1268
2021,유통업,육상,BMX,26,140
2021,유통업,육상,인라인스케이트,43,382
2021,유통업,육상,스케이트보드,39,148
2021,유통업,수상,전체,260,2215
2021,유통업,수상,래프팅,10,67
2021,유통업,수상,웨이크보드/수상스키,20,109
2021,유통업,수상,워터슬라이드,12,55
2021,유통업,수상,수상오토바이,19,57
2021,유통업,수상,윈드서핑/서핑,35,246
2021,유통업,수상,스킨스쿠버,87,752
2021,유통업,수상,카누/카약,22,115
2021,유통업,수상,모터보트/파워보트,44,561
2021,유통업,수상,요트,11,253
2021,유통업,항공,전체,7,261
2021,유통업,항공,패러글라이딩,6,261
2021,유통업,항공,행글라이딩,1,
2021,유통업,항공,초경량항공기,,
2021,유통업,항공,열기구,,
2021,유통업,항공,스카이다이빙,,
2021,제조업,육상,전체,430,25899
2021,제조업,육상,서바이벌,13,201
2021,제조업,육상,번지점프,4,401
2021,제조업,육상,카트,4,106
2021,제조업,육상,하강시설(짚라인),1,12
2021,제조업,육상,4륜오토바이(ATV),17,1709
2021,제조업,육상,스포츠클라이밍,24,2204
2021,제조업,육상,파크골프(그라운드골프 포함),210,16183
2021,제조업,육상,MTB,87,2824
2021,제조업,육상,BMX,32,1841
2021,제조업,육상,인라인스케이트,17,269
2021,제조업,육상,스케이트보드,21,150
2021,제조업,수상,전체,146,2232
2021,제조업,수상,래프팅,5,53
2021,제조업,수상,웨이크보드/수상스키,5,16
2021,제조업,수상,워터슬라이드,13,95
2021,제조업,수상,수상오토바이,4,26
2021,제조업,수상,윈드서핑/서핑,18,78
2021,제조업,수상,스킨스쿠버,28,315
2021,제조업,수상,카누/카약,22,257
2021,제조업,수상,모터보트/파워보트,34,783
2021,제조업,수상,요트,17,609
2021,제조업,항공,전체,10,219
2021,제조업,항공,패러글라이딩,5,209
2021,제조업,항공,행글라이딩,2,2
2021,제조업,항공,초경량항공기,1,
2021,제조업,항공,열기구,1,8
2021,제조업,항공,스카이다이빙,1,
2022,시설업,육상,전체,1070,1539
2022,시설업,육상,서바이벌,216,134
2022,시설업,육상,번지점프,9,9
2022,시설업,육상,카트,61,260
2022,시설업,육상,하강시설(짚라인),55,171
2022,시설업,육상,4륜오토바이(ATV),214,257
2022,시설업,육상,스포츠클라이밍,381,532
2022,시설업,육상,파크골프(그라운드골프 포함),8,
2022,시설업,육상,MTB,13,3
2022,시설업,육상,BMX,7,10
2022,시설업,육상,인라인스케이트,93,127
2022,시설업,육상,스케이트보드,13,37
2022,시설업,수상,전체,1935,2028
2022,시설업,수상,래프팅,243,218
2022,시설업,수상,웨이크보드/수상스키,276,227
2022,시설업,수상,워터슬라이드,37,41
2022,시설업,수상,수상오토바이,24,11
2022,시설업,수상,윈드서핑/서핑,260,321
2022,시설업,수상,스킨스쿠버,518,410
2022,시설업,수상,카누/카약,89,54
2022,시설업,수상,모터보트/파워보트,307,185
2022,시설업,수상,요트,181,557
2022,시설업,수상,수상 기타,,4
2022,시설업,항공,전체,135,225
2022,시설업,항공,패러글라이딩,110,137
2022,시설업,항공,행글라이딩,3,
2022,시설업,항공,초경량항공기,11,29
2022,시설업,항공,열기구,5,19
2022,시설업,항공,스카이다이빙,6,40
2022,유통업,육상,전체,714,19200
2022,유통업,육상,서바이벌,52,1207
2022,유통업,육상,번지점프,4,77
2022,유통업,육상,카트,11,218
2022,유통업,육상,하강시설(짚라인),10,
2022,유통업,육상,4륜오토바이(ATV),37,698
2022,유통업,육상,스포츠클라이밍,51,12993
2022,유통업,육상,파크골프(그라운드골프 포함),256,1630
2022,유통업,육상,MTB,157,1513
2022,유통업,육상,BMX,26,182
2022,유통업,육상,인라인스케이트,66,366
2022,유통업,육상,스케이트보드,44,317
2022,유통업,수상,전체,437,6098
2022,유통업,수상,래프팅,10,502
2022,유통업,수상,웨이크보드/수상스키,19,227
2022,유통업,수상,워터슬라이드,12,118
2022,유통업,수상,수상오토바이,20,425
2022,유통업,수상,윈드서핑/서핑,66,1057
2022,유통업,수상,스킨스쿠버,189,1007
2022,유통업,수상,카누/카약,26,1305
2022,유통업,수상,모터보트/파워보트,80,892
2022,유통업,수상,요트,15,565
2022,유통업,항공,전체,7,520
2022,유통업,항공,패러글라이딩,6,520
2022,유통업,항공,행글라이딩,1,
2022,유통업,항공,초경량항공기,,
2022,유통업,항공,열기구,,
2022,유통업,항공,스카이다이빙,,
2022,제조업,육상,전체,415,30959
2022,제조업,육상,서바이벌,13,1142
2022,제조업,육상,번지점프,3,408
2022,제조업,육상,카트,4,163
2022,제조업,육상,하강시설(짚라인),1,23
2022,제조업,육상,4륜오토바이(ATV),17,2241
2022,제조업,육상,스포츠클라이밍,26,4692
2022,제조업,육상,파크골프(그라운드골프 포함),195,9063
2022,제조업,육상,MTB,83,4116
2022,제조업,육상,BMX,32,8518
2022,제조업,육상,인라인스케이트,18,354
2022,제조업,육상,스케이트보드,23,239
2022,제조업,수상,전체,202,4779
2022,제조업,수상,래프팅,5,567
2022,제조업,수상,웨이크보드/수상스키,5,22
2022,제조업,수상,워터슬라이드,11,58
2022,제조업,수상,수상오토바이,4,36
2022,제조업,수상,윈드서핑/서핑,22,833
2022,제조업,수상,스킨스쿠버,28,623
2022,제조업,수상,카누/카약,28,811
2022,제조업,수상,모터보트/파워보트,81,1392
2022,제조업,수상,요트,18,438
2022,제조업,항공,전체,10,305
2022,제조업,항공,패러글라이딩,5,272
2022,제조업,항공,행글라이딩,2,28
2022,제조업,항공,초경량항공기,1,
2022,제조업,항공,열기구,1,5
2022,제조업,항공,스카이다이빙,1,
2023,시설업,육상,전체,676,2165
2023,시설업,육상,서바이벌,139,179
2023,시설업,육상,번지점프,4,12
2023,시설업,육상,카트,38,340
2023,시설업,육상,하강시설(짚라인),33,157
2023,시설업,육상,4륜오토바이(ATV),136,295
2023,시설업,육상,스포츠클라이밍,265,744
2023,시설업,육상,파크골프(그라운드골프 포함),1,4
2023,시설업,육상,MTB,9,10
2023,시설업,육상,BMX,2,7
2023,시설업,육상,인라인스케이트,44,279
2023,시설업,육상,스케이트보드,5,137
2023,시설업,수상,전체,1127,2039
2023,시설업,수상,래프팅,149,185
2023,시설업,수상,웨이크보드/수상스키,166,227
2023,시설업,수상,워터슬라이드,19,32
2023,시설업,수상,수상오토바이,11,17
2023,시설업,수상,윈드서핑/서핑,165,315
2023,시설업,수상,스킨스쿠버,301,438
2023,시설업,수상,카누/카약,44,78
2023,시설업,수상,모터보트/파워보트,144,240
2023,시설업,수상,요트,128,508
2023,시설업,항공,전체,91,226
2023,시설업,항공,패러글라이딩,73,136
2023,시설업,항공,행글라이딩,2,3
2023,시설업,항공,초경량항공기,8,30
2023,시설업,항공,열기구,4,20
2023,시설업,항공,스카이다이빙,4,37
2023,유통업,육상,전체,304,19982
2023,유통업,육상,서바이벌,27,1130
2023,유통업,육상,번지점프,2,86
2023,유통업,육상,카트,3,253
2023,유통업,육상,하강시설(짚라인),7,303
2023,유통업,육상,4륜오토바이(ATV),17,878
2023,유통업,육상,스포츠클라이밍,10,13080
2023,유통업,육상,파크골프(그라운드골프 포함),107,1699
2023,유통업,육상,MTB,76,1594
2023,유통업,육상,BMX,16,187
2023,유통업,육상,인라인스케이트,24,425
2023,유통업,육상,스케이트보드,15,346
2023,유통업,수상,전체,128,7155
2023,유통업,수상,래프팅,6,681
2023,유통업,수상,웨이크보드/수상스키,8,241
2023,유통업,수상,워터슬라이드,7,153
2023,유통업,수상,수상오토바이,11,605
2023,유통업,수상,윈드서핑/서핑,9,1194
2023,유통업,수상,스킨스쿠버,46,1137
2023,유통업,수상,카누/카약,10,1276
2023,유통업,수상,모터보트/파워보트,25,1121
2023,유통업,수상,요트,6,748
2023,유통업,항공,전체,3,336
2023,유통업,항공,패러글라이딩,3,336
2023,제조업,육상,전체,295,27532
2023,제조업,육상,서바이벌,13,734
2023,제조업,육상,번지점프,3,305
2023,제조업,육상,카트,3,116
2023,제조업,육상,하강시설(짚라인),1,21
2023,제조업,육상,4륜오토바이(ATV),11,2616
2023,제조업,육상,스포츠클라이밍,21,3437
2023,제조업,육상,파크골프(그라운드골프 포함),142,10869
2023,제조업,육상,MTB,57,4413
2023,제조업,육상,BMX,16,4421
2023,제조업,육상,인라인스케이트,14,362
2023,제조업,육상,스케이트보드,14,237
2023,제조업,수상,전체,134,4829
2023,제조업,수상,래프팅,2,477
2023,제조업,수상,웨이크보드/수상스키,4,29
2023,제조업,수상,워터슬라이드,6,64
2023,제조업,수상,수상오토바이,1,17
2023,제조업,수상,윈드서핑/서핑,20,907
2023,제조업,수상,스킨스쿠버,25,561
2023,제조업,수상,카누/카약,15,783
2023,제조업,수상,모터보트/파워보트,50,1459
2023,제조업,수상,요트,11,534
2023,제조업,항공,전체,6,258
2023,제조업,항공,패러글라이딩,3,240
2023,제조업,항공,행글라이딩,1,12
2023,제조업,항공,초경량항공기,1,6
2023,제조업,항공,스카이다이빙,1,
2024,시설업,육상,전체,734,2452
2024,시설업,육상,서바이벌,121,230
2024,시설업,육상,번지점프,5,19
2024,시설업,육상,카트,36,400
2024,시설업,육상,하강시설(짚라인),29,157
2024,시설업,육상,4륜오토바이(ATV),125,372
2024,시설업,육상,스포츠클라이밍,298,831
2024,시설업,육상,파크골프(그라운드골프 포함),1,7
2024,시설업,육상,MTB,10,13
2024,시설업,육상,BMX,5,7
2024,시설업,육상,인라인스케이트,97,273
2024,시설업,육상,스케이트보드,7,142
2024,시설업,수상,전체,1024,2297
2024,시설업,수상,래프팅,120,215
2024,시설업,수상,웨이크보드/수상스키,144,263
2024,시설업,수상,워터슬라이드,17,37
2024,시설업,수상,수상오토바이,11,24
2024,시설업,수상,윈드서핑/서핑,159,364
2024,시설업,수상,스킨스쿠버,271,508
2024,시설업,수상,카누/카약,39,94
2024,시설업,수상,모터보트/파워보트,137,287
2024,시설업,수상,요트,126,505
2024,시설업,항공,전체,87,232
2024,시설업,항공,패러글라이딩,68,140
2024,시설업,항공,행글라이딩,2,5
2024,시설업,항공,초경량항공기,8,31
2024,시설업,항공,열기구,4,21
2024,시설업,항공,스카이다이빙,5,35
2024,유통업,육상,전체,322,21397
2024,유통업,육상,서바이벌,29,1320
2024,유통업,육상,번지점프,2,66
2024,유통업,육상,카트,3,270
2024,유통업,육상,하강시설(짚라인),7,291
2024,유통업,육상,4륜오토바이(ATV),18,760
2024,유통업,육상,스포츠클라이밍,23,12943
2024,유통업,육상,파크골프(그라운드골프 포함),108,3030
2024,유통업,육상,MTB,78,1683
2024,유통업,육상,BMX,15,198
2024,유통업,육상,인라인스케이트,24,482
2024,유통업,육상,스케이트보드,15,353
2024,유통업,수상,전체,127,6857
2024,유통업,수상,래프팅,5,655
2024,유통업,수상,웨이크보드/수상스키,9,261
2024,유통업,수상,워터슬라이드,7,169
2024,유통업,수상,수상오토바이,12,658
2024,유통업,수상,윈드서핑/서핑,8,1103
2024,유통업,수상,스킨스쿠버,45,1131
2024,유통업,수상,카누/카약,11,1196
2024,유통업,수상,모터보트/파워보트,24,1022
2024,유통업,수상,요트,6,661
2024,유통업,항공,전체,3,333
2024,유통업,항공,패러글라이딩,3,333
2024,제조업,육상,전체,295,28473
2024,제조업,육상,서바이벌,13,683
2024,제조업,육상,번지점프,3,195
2024,제조업,육상,카트,3,117
2024,제조업,육상,하강시설(짚라인),1,22
2024,제조업,육상,4륜오토바이(ATV),11,2870
2024,제조업,육상,스포츠클라이밍,21,3966
2024,제조업,육상,파크골프(그라운드골프 포함),142,11485
2024,제조업,육상,MTB,57,4195
2024,제조업,육상,BMX,16,4283
2024,제조업,육상,인라인스케이트,14,434
2024,제조업,육상,스케이트보드,14,223
2024,제조업,수상,전체,134,4906
2024,제조업,수상,래프팅,3,400
2024,제조업,수상,웨이크보드/수상스키,4,34
2024,제조업,수상,워터슬라이드,6,68
2024,제조업,수상,수상오토바이,1,16
2024,제조업,수상,윈드서핑/서핑,20,895
2024,제조업,수상,스킨스쿠버,25,610
2024,제조업,수상,카누/카약,15,752
2024,제조업,수상,모터보트/파워보트,49,1609
2024,제조업,수상,요트,11,521
2024,제조업,항공,전체,6,258
2024,제조업,항공,패러글라이딩,3,239
2024,제조업,항공,행글라이딩,1,13
2024,제조업,항공,초경량항공기,1,6
2024,제조업,항공,스카이다이빙,1,
