순번,종목,1급 스포츠지도사(전문체육)_2025년,1급 스포츠지도사(전문체육)_2024년,1급 스포츠지도사(전문체육)_2023년 이전,2급 스포츠지도사(전문체육)_2025년,2급 스포츠지도사(전문체육)_2024년,2급 스포츠지도사(전문체육)_2023년 이전,1급 스포츠지도사(생활체육)_2025년,1급 스포츠지도사(생활체육)_2024년,1급 스포츠지도사(생활체육)_2023년 이전,2급 스포츠지도사(생활체육)_2025년,2급 스포츠지도사(생활체육)_2024년,2급 스포츠지도사(생활체육)_2023년 이전,건강운동관리사_2025년,건강운동관리사_2024년,건강운동관리사_2023년 이전,1급 장애인스포츠지도사_2025년,1급 장애인스포츠지도사_2024년,1급 장애인스포츠지도사_2023년 이전,2급 장애인스포츠지도사_2025년,2급 장애인스포츠지도사_2024년,2급 장애인스포츠지도사_2023년 이전,유소년스포츠지도사_2025년,유소년스포츠지도사_2024년,유소년스포츠지도사_2023년 이전,노인스포츠지도사_2025년,노인스포츠지도사_2024년,노인스포츠지도사_2023년 이전
1,검도,1,0,4,89,27,546,0,1,41,87,55,2234,0,0,0,0,0,0,0,0,0,22,32,134,22,30,110
2,게이트볼,0,0,0,0,0,0,0,1,204,31,52,3799,0,0,0,0,0,0,0,0,0,7,12,138,26,38,538
3,골프,1,0,54,39,31,919,30,25,811,225,220,11876,0,0,0,0,0,0,0,0,0,25,30,221,31,27,184
4,궁도,0,0,6,9,1,124,0,0,0,18,12,148,0,0,0,0,0,0,0,0,0,3,4,14,2,3,12
5,근대5종,0,0,30,6,20,229,0,0,0,0,0,0,0,0,0,0,0,0,0,0,0,0,0,0,0,0,0
6,농구,0,0,12,63,68,1486,0,1,577,249,246,7281,0,0,0,0,0,10,41,34,329,35,39,462,27,17,155
7,당구,1,1,15,13,8,242,1,0,51,99,71,1104,0,0,0,0,0,0,17,8,37,13,16,45,36,41,140
8,라켓볼,0,0,0,0,0,0,0,1,14,2,0,230,0,0,0,0,0,0,0,0,0,0,0,0,0,0,0
9,레슬링,0,0,74,52,30,733,1,1,64,41,35,562,0,0,0,0,0,0,0,0,0,14,10,43,7,4,23
10,레크리에이션,0,0,0,0,0,1,0,0,235,147,82,2319,0,0,0,0,0,0,0,0,0,37,27,341,393,226,2580
11,루지,2,0,2,1,0,20,0,0,0,0,0,0,0,0,0,0,0,0,0,0,0,0,0,0,0,0,0
12,배구,1,0,34,125,57,1660,1,1,426,307,208,3701,0,0,0,0,1,0,113,123,653,38,57,512,36,43,293
13,배드민턴,1,2,55,138,41,1463,6,3,720,352,204,15239,0,0,0,1,0,8,93,54,510,70,114,1157,99,107,699
14,보디빌딩,0,1,43,31,26,860,35,34,2078,7847,6550,103654,0,0,0,0,0,0,0,0,0,486,533,2695,1288,1210,6428
15,복싱,0,0,32,47,38,915,0,0,78,336,178,3263,0,0,0,0,0,0,0,0,0,20,25,106,29,19,80
16,볼링,0,0,25,48,32,801,0,1,426,65,57,6942,0,0,0,0,1,0,36,32,178,24,22,96,20,19,109
17,빙상,1,1,35,66,39,877,0,2,96,21,20,1225,0,0,0,0,0,0,0,0,0,9,16,32,3,10,16
18,사격,2,0,115,53,30,1226,0,0,27,11,4,90,0,0,0,0,1,8,11,2,83,3,3,45,2,10,32
19,사이클,6,3,42,9,16,517,0,0,0,0,0,5,0,0,0,0,0,0,6,4,53,0,0,1,0,0,0
20,등산,0,0,0,0,0,0,12,12,181,146,241,1033,0,0,0,0,0,0,0,0,0,8,18,58,4,9,41
21,세팍타크로,0,0,9,10,4,135,0,0,17,5,2,27,0,0,0,0,0,0,0,0,0,1,2,4,1,3,4
22,소프트볼,0,2,11,12,8,185,0,1,7,4,3,9,0,0,0,0,0,0,0,0,0,0,0,0,0,0,0
23,수상스키,0,0,5,7,3,132,0,0,84,0,7,262,0,0,0,0,0,0,0,0,0,1,0,3,0,0,3
24,수영,4,2,86,123,97,1878,14,11,1808,1495,979,25729,0,0,0,1,0,4,145,139,576,121,76,734,139,94,695
25,스킨스쿠버,0,0,0,0,0,4,0,0,70,5,3,201,0,0,0,0,0,0,0,0,0,0,0,5,0,0,5
26,스쿼시,0,1,15,14,12,150,1,0,158,23,11,3009,0,0,0,0,0,0,0,0,0,1,2,32,3,1,17
27,스키,1,1,52,8,4,426,1,2,389,46,29,1419,0,0,0,0,0,0,0,0,0,1,5,33,0,1,17
28,승마,0,0,45,9,7,270,0,0,42,38,36,1654,0,0,0,0,0,0,14,21,131,14,6,111,5,4,67
29,씨름,0,1,4,56,21,546,0,0,38,5,7,439,0,0,0,0,0,0,0,0,0,0,2,67,0,2,21
30,아이스하키,2,3,36,28,20,369,2,1,4,0,1,16,0,0,0,0,1,4,5,3,38,2,1,3,0,0,1
31,야구,0,0,21,303,256,4250,1,1,220,126,104,1900,0,0,0,0,0,0,0,0,0,18,33,154,17,17,61
32,양궁,0,0,38,64,36,822,1,1,25,20,5,47,0,0,0,0,1,5,10,10,56,11,9,33,5,4,19
33,에어로빅,0,0,0,1,0,57,2,1,322,39,32,14794,0,0,0,0,0,0,0,0,0,11,11,319,29,39,1326
34,역도,3,3,64,33,36,766,0,0,0,0,0,0,0,0,0,0,0,4,126,68,546,0,0,0,0,0,0
35,오리엔티어링,0,0,0,0,0,0,3,2,64,20,13,227,0,0,0,0,0,0,0,0,0,4,4,21,4,2,25
36,요트,0,0,32,7,11,361,3,0,22,12,5,609,0,0,0,0,0,1,16,11,58,5,1,17,0,0,8
37,우슈,0,0,21,7,6,331,0,0,58,43,37,1132,0,0,0,0,0,0,0,0,0,3,8,38,20,23,99
38,윈드서핑,0,0,0,0,0,0,1,0,114,5,3,295,0,0,0,0,0,0,0,0,0,1,0,2,1,0,1
39,유도,1,4,32,100,115,1409,44,18,171,156,86,2634,0,0,0,0,0,0,12,9,71,60,58,240,39,27,143
40,육상,3,5,97,99,91,2883,6,2,84,61,30,191,0,0,0,0,1,10,71,55,269,20,18,154,32,21,95
41,소프트테니스,0,0,10,26,14,505,0,0,35,11,3,281,0,0,0,0,0,0,0,0,0,1,7,59,5,6,52
42,조정,2,1,27,16,14,382,1,1,47,4,0,244,0,0,0,1,0,1,24,13,165,2,2,13,4,1,21
43,체조,1,1,45,35,28,868,5,3,234,120,74,796,0,0,0,0,0,0,0,0,0,17,18,16,98,59,35
44,축구,1,1,30,822,494,4834,13,11,654,1108,908,13306,0,0,0,0,0,2,65,44,399,156,130,1151,106,112,483
45,카누,0,0,24,9,12,348,12,9,51,4,7,352,0,0,0,0,0,0,8,6,23,3,4,39,3,3,33
46,컬링,0,0,28,10,9,184,0,0,0,0,0,0,0,0,0,0,1,5,6,11,66,0,0,0,0,0,0
47,탁구,0,1,36,50,44,1264,1,0,354,87,74,4785,0,0,0,1,1,7,55,55,471,36,42,449,60,66,579
48,태권도,1,2,84,508,362,8775,6,13,524,1017,688,27589,0,0,0,0,1,5,137,98,452,213,169,704,246,187,591
49,테니스,0,0,23,66,50,1355,4,2,687,122,106,5326,0,0,0,0,0,4,13,16,109,25,43,169,31,33,149
50,트라이애슬론,0,1,17,2,5,134,0,0,0,0,0,0,0,0,0,0,0,0,1,6,4,0,0,0,0,0,0
51,펜싱,1,1,29,69,95,940,3,5,20,17,6,40,0,0,0,0,0,1,17,9,59,8,10,40,3,7,21
52,하키,0,2,34,51,25,494,3,6,26,4,4,65,0,0,0,0,0,0,0,0,0,7,10,60,5,10,45
53,핸드볼,0,1,24,43,23,851,2,0,31,22,20,122,0,0,0,0,0,0,0,0,0,8,13,93,5,3,54
54,행글라이딩,0,0,0,0,0,0,0,0,4,1,1,5,0,0,0,0,0,0,0,0,0,0,0,1,0,0,1
55,바이애슬론,0,1,9,9,5,90,0,0,0,0,0,0,0,0,0,0,0,0,0,0,0,0,0,0,0,0,0
56,인라인스케이트,0,0,28,25,13,276,1,2,75,29,18,675,0,0,0,0,0,0,0,0,0,2,5,36,3,3,22
57,럭비,1,0,6,14,14,245,0,0,17,7,7,153,0,0,0,0,0,1,10,12,111,0,1,12,1,0,4
58,봅슬레이스켈레톤,1,3,6,5,5,59,0,0,0,0,0,0,0,0,0,0,0,0,0,0,0,0,0,0,0,0,0
59,댄스스포츠,0,0,17,3,1,108,1,1,29,51,29,598,0,0,0,0,0,3,14,5,83,5,6,109,15,17,205
60,족구,0,0,0,0,0,0,0,0,5,20,9,245,0,0,0,0,0,0,0,0,0,7,4,52,8,7,37
61,철인3종,0,0,0,0,0,1,1,0,5,14,11,68,0,0,0,0,0,0,0,0,0,2,0,7,1,1,3
62,패러글라이딩,0,0,0,0,0,0,1,0,40,4,3,36,0,0,0,0,0,0,0,0,0,0,1,5,0,0,7
63,풋살,0,0,0,0,0,0,3,4,42,68,51,490,0,0,0,0,0,0,0,0,0,15,7,62,6,2,12
64,파크골프,0,0,0,0,0,0,5,0,10,244,132,570,0,0,0,0,0,0,133,94,123,91,70,162,179,84,294
65,산악,0,0,16,11,6,391,0,0,0,0,0,0,0,0,0,0,0,0,0,0,0,0,0,0,0,0,0
66,가라테,0,0,3,2,1,69,0,0,0,0,0,0,0,0,0,0,0,0,0,0,0,0,0,0,0,0,0
67,택견,0,0,5,3,1,180,0,1,4,11,7,28,0,0,0,0,0,0,0,0,0,7,9,14,8,11,20
68,골볼,0,0,0,0,0,0,0,0,0,0,0,0,0,0,0,0,0,3,72,47,379,0,0,0,0,0,0
69,론볼,0,0,0,0,0,0,0,0,0,0,0,0,0,0,0,0,0,3,30,26,297,0,0,0,0,0,0
70,보치아,0,0,0,0,0,0,0,0,0,0,0,0,0,0,0,3,1,7,97,110,449,0,0,0,0,0,0
71,스노보드,0,0,0,0,0,0,0,0,0,0,0,0,0,0,0,0,0,0,1,0,14,0,0,0,0,0,0
72,줄넘기,0,0,0,0,0,0,0,1,6,544,511,968,0,0,0,0,0,0,0,0,0,74,66,765,0,0,0
73,플라잉디스크,0,0,0,0,0,0,0,0,0,0,0,0,0,0,0,0,0,0,0,0,0,10,10,147,0,0,0
74,피구,0,0,0,0,0,0,0,0,0,0,0,0,0,0,0,0,0,0,0,0,0,16,29,334,0,0,0
75,그라운드골프,0,0,0,0,0,0,0,0,0,0,0,0,0,0,0,0,0,0,0,0,0,0,0,0,191,65,226
76,건강운동관리사,0,0,0,0,0,0,0,0,0,0,0,0,202,323,2843,0,0,0,0,0,0,0,0,0,0,0,0
77,합기도,0,0,0,0,0,0,3,1,11,155,131,2646,0,0,0,0,0,0,0,0,0,35,25,139,28,32,114
78,활기도,0,0,0,0,0,0,0,0,0,0,0,1017,0,0,0,0,0,0,0,0,0,0,0,0,0,0,0
79,활법,0,0,0,0,0,0,0,0,0,0,0,594,0,0,0,0,0,0,0,0,0,0,0,0,0,0,0
80,요가,0,0,0,0,0,0,0,0,0,0,0,386,0,0,0,0,0,0,0,0,0,0,0,0,0,0,0
81,로울러스케이팅,0,0,0,0,0,47,0,0,69,0,0,0,0,0,0,0,0,0,0,0,0,0,0,0,0,0,0
82,회전무술,0,0,0,0,0,0,0,0,0,0,0,33,0,0,0,0,0,0,0,0,0,0,0,0,0,0,0
83,국술,0,0,0,0,0,0,0,0,0,0,0,69,0,0,0,0,0,0,0,0,0,0,0,0,0,0,0
84,십팔기,0,0,0,0,0,0,0,0,0,0,0,24,0,0,0,0,0,0,0,0,0,0,0,0,0,0,0
85,킥복싱,0,0,0,0,0,0,1,0,0,23,0,151,0,0,0,0,0,0,0,0,0,0,0,0,0,0,0
86,격투기,0,0,0,0,0,0,0,0,0,0,0,105,0,0,0,0,0,0,0,0,0,0,0,0,0,0,0
87,태수도,0,0,0,0,0,0,0,0,0,0,0,3,0,0,0,0,0,0,0,0,0,0,0,0,0,0,0
88,유술,0,0,0,0,0,0,0,0,0,0,0,5,0,0,0,0,0,0,0,0,0,0,0,0,0,0,0
89,공권도,0,0,0,0,0,0,0,0,0,0,0,17,0,0,0,0,0,0,0,0,0,0,0,0,0,0,0
90,자전거,0,0,0,0,0,0,4,3,58,11,37,488,0,0,0,0,0,0,0,0,0,4,2,36,2,5,41
91,수중(핀수영),0,0,0,0,0,0,0,0,0,0,0,1,0,0,0,0,0,0,0,0,0,0,0,0,0,0,0
92,알파인스키,0,0,0,0,0,0,0,0,0,0,0,0,0,0,0,0,0,0,1,2,0,0,0,0,0,0,0
93,바이애슬론ㆍ크로스컨트리,0,0,0,0,0,0,0,0,0,0,0,0,0,0,0,1,0,0,5,2,0,0,0,0,0,0,0
94,수중,0,0,5,5,4,147,0,0,0,0,0,0,0,0,0,0,0,0,0,0,0,0,0,0,0,0,0
95,주짓수,0,0,0,10,7,67,2,3,7,135,143,502,0,0,0,0,0,0,0,0,0,0,0,0,0,0,0
96,힙합,0,0,0,0,1,16,0,0,4,42,44,57,0,0,0,0,0,0,0,0,0,0,0,0,0,0,0
97,국학기공,0,0,0,0,0,0,0,0,0,16,20,73,0,0,0,0,0,0,0,0,0,0,0,0,10,22,58
98,치어리딩,0,0,0,0,0,0,20,15,66,6,5,5,0,0,0,0,0,0,0,0,0,0,0,0,0,0,0
99,플로어볼,0,0,0,0,0,0,8,14,58,32,19,63,0,0,0,0,0,0,0,0,0,10,2,15,0,0,0
